conversation_id,aantal_vragen,aantal_beantwoord,percentage_beantwoord,telt_mee,eindoordeel,uitleg
0014ca76-8df1-426c-93f7-e76e554066a7,0,0,,False,Geen vragen gevonden,Er zijn geen vragen van de bezoeker gevonden.
00e8656f-ce94-4e5b-961c-72d22e6b4e32,1,1,100.0,True,Beantwoord,1 van de 1 vragen zijn beantwoord.
01174b4c-7b65-45d3-aa20-b43f67e5308a,0,0,,False,Geen vragen gevonden,Er zijn geen vragen van de bezoeker gevonden.
0176a3ab-3734-4adf-9d92-69977397e2db,0,0,,False,Geen vragen gevonden,Er zijn geen vragen van de bezoeker gevonden.
039f60a2-d401-4ec6-bf10-bba0dffa074c,1,0,0.0,True,Niet beantwoord,0 van de 1 vragen zijn beantwoord.
0484766d-989c-4d21-80c0-10beeb4c4145,0,0,,False,Geen vragen gevonden,Er zijn geen vragen van de bezoeker gevonden.
04c7e864-c8fc-4318-b01b-fa60a63a8938,0,0,,False,Geen vragen gevonden,Er zijn geen vragen van de bezoeker gevonden.
06db2728-1e54-4424-bfd3-9b327ef0c77a,0,0,,False,Geen vragen gevonden,Er zijn geen vragen van de bezoeker gevonden.
0706239c-6005-438f-9e4e-dc0eff98f437,0,0,,False,Geen vragen gevonden,Er zijn geen vragen van de bezoeker gevonden.
0796e0e4-e6f8-4f75-b20e-466abe97ddb0,1,0,0.0,True,Niet beantwoord,0 van de 1 vragen zijn beantwoord.
08c5f8b1-66e8-4a39-9ae7-127a66346d3f,0,0,,False,Geen vragen gevonden,Er zijn geen vragen van de bezoeker gevonden.
08e2b321-f370-49c9-9cc4-ae5e13c637a5,1,1,100.0,True,Beantwoord,1 van de 1 vragen zijn beantwoord.
09752897-d16c-476d-ae76-b8cf9dc94a98,1,1,100.0,True,Beantwoord,1 van de 1 vragen zijn beantwoord.
098a0909-d5e1-427a-88ac-bda635e9b475,1,1,100.0,True,Beantwoord,1 van de 1 vragen zijn beantwoord.
09e95652-e9aa-4162-a526-b5a8d1b2c293,1,1,100.0,True,Beantwoord,1 van de 1 vragen zijn beantwoord.
0a84b59b-0cd4-4e2e-a9db-ca878ac115cd,1,1,100.0,True,Beantwoord,1 van de 1 vragen zijn beantwoord.
0b65e65b-ead9-4fc5-90fe-5cd69faebcf4,1,1,100.0,True,Beantwoord,1 van de 1 vragen zijn beantwoord.
0b71b58f-17d3-4946-aaf5-43d38b729f3e,1,1,100.0,True,Beantwoord,1 van de 1 vragen zijn beantwoord.
0c3c2968-ab18-44e6-ade7-ab892021040c,0,0,,False,Geen vragen gevonden,Er zijn geen vragen van de bezoeker gevonden.
0cd57727-a0c4-4db1-9771-a9bd6f084a05,0,0,,False,Geen vragen gevonden,Er zijn geen vragen van de bezoeker gevonden.
0ceffcc9-c13c-444a-85a2-ba247b1da8d5,1,1,100.0,True,Beantwoord,1 van de 1 vragen zijn beantwoord.
0d506de1-e6a0-48ea-a96c-df6cdac9fdcf,1,1,100.0,True,Beantwoord,1 van de 1 vragen zijn beantwoord.
0d6137c3-2721-43fa-8fa2-e3887929b7f7,1,0,0.0,True,Niet beantwoord,0 van de 1 vragen zijn beantwoord.
0e3866c1-40ab-4737-a7f9-da82a2d02000,1,0,0.0,True,Niet beantwoord,0 van de 1 vragen zijn beantwoord.
10a8515f-86ee-45b4-b1df-d98f4511dd11,0,0,,False,Geen vragen gevonden,Er zijn geen vragen van de bezoeker gevonden.
10b07340-481b-422e-bacd-bdbae0cc0f95,1,1,100.0,True,Beantwoord,1 van de 1 vragen zijn beantwoord.
1246ef2d-c38e-48c1-aeb7-7c4c06928379,1,1,100.0,True,Beantwoord,1 van de 1 vragen zijn beantwoord.
1282f8e6-9644-4dfd-9600-d526ef241812,1,1,100.0,True,Beantwoord,1 van de 1 vragen zijn beantwoord.
12ac98bf-388a-425f-b765-12b4d457a5c1,2,2,100.0,True,Beantwoord,2 van de 2 vragen zijn beantwoord.
13ad15e0-1232-4c51-a58c-e73323c085c3,1,1,100.0,True,Beantwoord,1 van de 1 vragen zijn beantwoord.
14b3d17a-d3eb-4114-838e-361173b64729,1,1,100.0,True,Beantwoord,1 van de 1 vragen zijn beantwoord.
14dba487-6b83-4e71-a5dc-5f2a9f8472e0,0,0,,False,Geen vragen gevonden,Er zijn geen vragen van de bezoeker gevonden.
150b1fad-88a3-4491-9285-d94c10878e8a,1,1,100.0,True,Beantwoord,1 van de 1 vragen zijn beantwoord.
154491f1-e3ce-463f-a929-1609857affbb,0,0,,False,Geen vragen gevonden,Er zijn geen vragen van de bezoeker gevonden.
15e4830f-5794-4718-8196-69fd90ec225b,1,1,100.0,True,Beantwoord,1 van de 1 vragen zijn beantwoord.
15e71aa7-3cc5-48b5-a21f-76a557989b98,0,0,,False,Geen vragen gevonden,Er zijn geen vragen van de bezoeker gevonden.
1710919c-f784-4a25-bb15-ff78d84876a8,1,1,100.0,True,Beantwoord,1 van de 1 vragen zijn beantwoord.
1742addb-36cb-41cb-87ca-ae7a030fe3b3,0,0,,False,Geen vragen gevonden,Er zijn geen vragen van de bezoeker gevonden.
179ebe25-7626-4f4b-b22c-6cf171eacbff,0,0,,False,Geen vragen gevonden,Er zijn geen vragen van de bezoeker gevonden.
17b813c9-a768-45ad-a305-317e4a71a2f5,1,1,100.0,True,Beantwoord,1 van de 1 vragen zijn beantwoord.
17c6cc22-ef9f-472c-8b58-19c1cddebc97,0,0,,False,Geen vragen gevonden,Er zijn geen vragen van de bezoeker gevonden.
1802e1c9-e4a5-4ade-abc0-33fda8ce8655,1,1,100.0,True,Beantwoord,1 van de 1 vragen zijn beantwoord.
187d831f-1702-4c05-8d75-bf6b07d52405,0,0,,False,Geen vragen gevonden,Er zijn geen vragen van de bezoeker gevonden.
1a403041-ddfc-46b8-80bb-cba3f1d691a1,1,1,100.0,True,Beantwoord,1 van de 1 vragen zijn beantwoord.
1a6625ad-b179-4971-a4ab-39561e3750af,1,1,100.0,True,Beantwoord,1 van de 1 vragen zijn beantwoord.
1b4e4803-2257-46e2-8629-26762dd2265c,0,0,,False,Geen vragen gevonden,Er zijn geen vragen van de bezoeker gevonden.
1b7d87da-9c66-450f-ab26-54620a461a68,1,1,100.0,True,Beantwoord,1 van de 1 vragen zijn beantwoord.
1bdaef0b-2928-4349-a389-16df918a46e9,1,1,100.0,True,Beantwoord,1 van de 1 vragen zijn beantwoord.
1be703b4-43d3-42cb-8180-f2071312c727,0,0,,False,Geen vragen gevonden,Er zijn geen vragen van de bezoeker gevonden.
1c12123b-c78b-417f-bfa0-2548cff3c46c,0,0,,False,Geen vragen gevonden,Er zijn geen vragen van de bezoeker gevonden.
1dc0a253-b919-4093-93b6-8d4beea581fd,1,1,100.0,True,Beantwoord,1 van de 1 vragen zijn beantwoord.
1de4edb5-3cb9-4ba8-b783-b5b9ff632492,0,0,,False,Geen vragen gevonden,Er zijn geen vragen van de bezoeker gevonden.
1ec0d3d4-84da-46f8-86b2-0b8b75539dd9,1,1,100.0,True,Beantwoord,1 van de 1 vragen zijn beantwoord.
1fbb58df-aced-4a64-a4e7-5e23bdf0edeb,0,0,,False,Geen vragen gevonden,Er zijn geen vragen van de bezoeker gevonden.
20e31a80-f5ed-4182-92c3-c0764798d4bd,0,0,,False,Geen vragen gevonden,Er zijn geen vragen van de bezoeker gevonden.
2186420d-9e43-430b-989a-43ea93f113a1,2,1,50.0,True,Deels beantwoord,1 van de 2 vragen zijn beantwoord.
220d8621-3431-4dd6-97cb-2624b9b4fd45,1,1,100.0,True,Beantwoord,1 van de 1 vragen zijn beantwoord.
22ca281e-537d-4078-ae60-3ac831115bf8,0,0,,False,Geen vragen gevonden,Er zijn geen vragen van de bezoeker gevonden.
22e99039-ae98-45f1-a5d7-e29a837bf076,1,1,100.0,True,Beantwoord,1 van de 1 vragen zijn beantwoord.
23c643cd-55ab-48d6-97d3-705b238be898,1,0,0.0,True,Niet beantwoord,0 van de 1 vragen zijn beantwoord.
23e05704-988c-4f14-9315-a5484406f9a4,0,0,,False,Geen vragen gevonden,Er zijn geen vragen van de bezoeker gevonden.
24be083f-a87d-49aa-a895-b2c77460217a,0,0,,False,Geen vragen gevonden,Er zijn geen vragen van de bezoeker gevonden.
25b1669f-8ed2-44ac-aa06-f9afe8595781,0,0,,False,Geen vragen gevonden,Er zijn geen vragen van de bezoeker gevonden.
26331583-f497-4bb1-b33e-fe0e2de78799,0,0,,False,Geen vragen gevonden,Er zijn geen vragen van de bezoeker gevonden.
2694499b-2af7-4277-b9ae-f5fe6005f3e1,1,1,100.0,True,Beantwoord,1 van de 1 vragen zijn beantwoord.
26b09e86-2ec7-4ed7-a1c6-ff9112410a61,0,0,,False,Geen vragen gevonden,Er zijn geen vragen van de bezoeker gevonden.
274e399c-da83-4437-ad4d-456158d82daf,1,1,100.0,True,Beantwoord,1 van de 1 vragen zijn beantwoord.
27a7ef1f-f1f9-467b-b26d-41258a8ed4fc,1,0,0.0,True,Niet beantwoord,0 van de 1 vragen zijn beantwoord.
287ee77c-c6dc-4426-bfc3-2b56e36ca4d9,1,1,100.0,True,Beantwoord,1 van de 1 vragen zijn beantwoord.
29f4c1f2-8c46-4d4e-a809-43fc769c24d8,0,0,,False,Geen vragen gevonden,Er zijn geen vragen van de bezoeker gevonden.
2a40bbea-0462-4c77-bea6-836c66c5d401,0,0,,False,Geen vragen gevonden,Er zijn geen vragen van de bezoeker gevonden.
2a9ba08a-ddb7-4dd8-8a2f-09fcf8c8a8e5,0,0,,False,Geen vragen gevonden,Er zijn geen vragen van de bezoeker gevonden.
2b08e264-f928-4993-852d-75a190ec0f65,0,0,,False,Geen vragen gevonden,Er zijn geen vragen van de bezoeker gevonden.
2b7a5408-d6cd-492a-a896-ef73c9780ab5,1,1,100.0,True,Beantwoord,1 van de 1 vragen zijn beantwoord.
2c0a5273-5ae1-4984-a78c-3f78b79c93f7,2,2,100.0,True,Beantwoord,2 van de 2 vragen zijn beantwoord.
2c60c1b7-4dca-4fd3-b403-e8ae9eb2616f,0,0,,False,Geen vragen gevonden,Er zijn geen vragen van de bezoeker gevonden.
2c7fe844-8cdb-4bfa-a7d1-e42df5ed1638,1,1,100.0,True,Beantwoord,1 van de 1 vragen zijn beantwoord.
2c9c7738-2fad-4d52-a6f7-4145c87ab9c3,1,1,100.0,True,Beantwoord,1 van de 1 vragen zijn beantwoord.
2d20845b-7c74-4e1c-8c17-a6e64d7a7d1a,0,0,,False,Geen vragen gevonden,Er zijn geen vragen van de bezoeker gevonden.
2d6849b8-b421-452c-8eb0-84279bc55570,1,1,100.0,True,Beantwoord,1 van de 1 vragen zijn beantwoord.
2ec6ec72-735e-4662-a8c6-87b5a708477b,0,0,,False,Geen vragen gevonden,Er zijn geen vragen van de bezoeker gevonden.
30727ed7-3c52-4b37-9e69-b8436a569d82,1,1,100.0,True,Beantwoord,1 van de 1 vragen zijn beantwoord.
309bfad9-22db-46c4-b005-89865c1298d8,1,0,0.0,True,Niet beantwoord,0 van de 1 vragen zijn beantwoord.
3151ae09-babf-4390-96d8-23dee8f71d61,1,1,100.0,True,Beantwoord,1 van de 1 vragen zijn beantwoord.
31ab2b1c-67e4-4088-b5a5-1a0cc3752012,1,1,100.0,True,Beantwoord,1 van de 1 vragen zijn beantwoord.
31b589ae-1f1d-413d-8538-fd4f96841a15,1,0,0.0,True,Niet beantwoord,0 van de 1 vragen zijn beantwoord.
321daacf-ed4a-4bd6-afe6-207fcf8279e4,0,0,,False,Geen vragen gevonden,Er zijn geen vragen van de bezoeker gevonden.
322b3132-207c-4eb1-b2bb-2387c2f61ef0,0,0,,False,Geen vragen gevonden,Er zijn geen vragen van de bezoeker gevonden.
346e9b25-37fb-47da-a21c-808eaed74b78,0,0,,False,Geen vragen gevonden,Er zijn geen vragen van de bezoeker gevonden.
35c9f961-a8fe-4855-89e3-0a86df802840,0,0,,False,Geen vragen gevonden,Er zijn geen vragen van de bezoeker gevonden.
38a5bd6e-2489-4800-b49a-54a8b11139ef,0,0,,False,Geen vragen gevonden,Er zijn geen vragen van de bezoeker gevonden.
398d777c-94af-485d-b8d6-cc13557740b8,0,0,,False,Geen vragen gevonden,Er zijn geen vragen van de bezoeker gevonden.
39c9b1c2-fc63-4567-932e-95b67cc364c0,0,0,,False,Geen vragen gevonden,Er zijn geen vragen van de bezoeker gevonden.
3b43273b-a32e-4451-941b-acbe94bacf70,1,1,100.0,True,Beantwoord,1 van de 1 vragen zijn beantwoord.
3c5199ec-97da-44d6-b197-ddb822420d34,1,1,100.0,True,Beantwoord,1 van de 1 vragen zijn beantwoord.
3df3d581-4025-456e-bdd3-18f8606449d1,0,0,,False,Geen vragen gevonden,Er zijn geen vragen van de bezoeker gevonden.
3e080ac3-5cb6-420e-94d5-b8727a67ed3c,1,1,100.0,True,Beantwoord,1 van de 1 vragen zijn beantwoord.
3e5145b7-734e-490f-82b7-b7d7559e50d1,0,0,,False,Geen vragen gevonden,Er zijn geen vragen van de bezoeker gevonden.
3f5ee726-8f58-4d57-b35c-725a99b05778,0,0,,False,Geen vragen gevonden,Er zijn geen vragen van de bezoeker gevonden.
401e4445-0d52-460c-8b44-f642af1b213c,0,0,,False,Geen vragen gevonden,Er zijn geen vragen van de bezoeker gevonden.
40c6ad0a-0fa7-4a68-a9ad-36472c5434c7,1,0,0.0,True,Niet beantwoord,0 van de 1 vragen zijn beantwoord.
419068e4-4eb1-43f6-9125-2b75e31a3388,0,0,,False,Geen vragen gevonden,Er zijn geen vragen van de bezoeker gevonden.
419ce062-3608-425f-b8b5-5e0e741cf8b2,0,0,,False,Geen vragen gevonden,Er zijn geen vragen van de bezoeker gevonden.
4282d3a1-32f5-4f39-b207-066396f9f014,0,0,,False,Geen vragen gevonden,Er zijn geen vragen van de bezoeker gevonden.
4285a9b1-55a7-48f1-af73-289bac0ec5ae,0,0,,False,Geen vragen gevonden,Er zijn geen vragen van de bezoeker gevonden.
42da7d2b-81f7-4a5f-80c6-a7925c66bc67,0,0,,False,Geen vragen gevonden,Er zijn geen vragen van de bezoeker gevonden.
43189ee9-a108-487b-aa78-a2089222a993,0,0,,False,Geen vragen gevonden,Er zijn geen vragen van de bezoeker gevonden.
434cdc03-6141-40fb-b092-5fc51e808399,1,0,0.0,True,Niet beantwoord,0 van de 1 vragen zijn beantwoord.
4434b360-82f0-492b-9d6e-6fe96f78ba23,1,1,100.0,True,Beantwoord,1 van de 1 vragen zijn beantwoord.
44bbb75a-57f7-4934-aa60-33be60f3d05f,1,1,100.0,True,Beantwoord,1 van de 1 vragen zijn beantwoord.
45e1d53a-3e3a-4e3e-8353-5a3f403f8d35,0,0,,False,Geen vragen gevonden,Er zijn geen vragen van de bezoeker gevonden.
4794011b-4ffa-442d-a5dd-00f014ddfe9d,1,1,100.0,True,Beantwoord,1 van de 1 vragen zijn beantwoord.
4867ab43-139d-4649-85cf-e466e74865d9,1,0,0.0,True,Niet beantwoord,0 van de 1 vragen zijn beantwoord.
4897f486-50cd-4b5b-8b7d-082b03ca162c,1,1,100.0,True,Beantwoord,1 van de 1 vragen zijn beantwoord.
48b401f1-1406-480a-b916-f9a53c89ebcf,0,0,,False,Geen vragen gevonden,Er zijn geen vragen van de bezoeker gevonden.
49985b8a-c903-4bb7-889a-1eaffa1a6efd,1,1,100.0,True,Beantwoord,1 van de 1 vragen zijn beantwoord.
4a916ae0-5164-4721-9e2a-bb454f60e83e,1,1,100.0,True,Beantwoord,1 van de 1 vragen zijn beantwoord.
4affaa6a-120c-4899-a44e-9cfc134f839d,1,1,100.0,True,Beantwoord,1 van de 1 vragen zijn beantwoord.
4c0f2e98-1ed3-40fd-9237-d0e1ffb17530,1,1,100.0,True,Beantwoord,1 van de 1 vragen zijn beantwoord.
4c2f6056-686a-43c0-b4f1-de52bb39c14a,0,0,,False,Geen vragen gevonden,Er zijn geen vragen van de bezoeker gevonden.
4ceeb9ef-dafd-40d5-b801-2d1fdf2f342f,1,1,100.0,True,Beantwoord,1 van de 1 vragen zijn beantwoord.
4d0a2bb6-52fb-4f83-874f-821936190b0b,1,0,0.0,True,Niet beantwoord,0 van de 1 vragen zijn beantwoord.
4d6b8b56-c958-43ea-89c5-343d82d9f79a,1,1,100.0,True,Beantwoord,1 van de 1 vragen zijn beantwoord.
4e44ca01-e8cb-4a70-99e0-468d48ab5608,0,0,,False,Geen vragen gevonden,Er zijn geen vragen van de bezoeker gevonden.
4e49a9ae-75a6-4030-a204-1e21af595a49,1,0,0.0,True,Niet beantwoord,0 van de 1 vragen zijn beantwoord.
4ea6be50-a783-4d61-9e86-310dd8889d35,0,0,,False,Geen vragen gevonden,Er zijn geen vragen van de bezoeker gevonden.
4efe9eab-cc5c-4115-819a-d421e7ce24e4,0,0,,False,Geen vragen gevonden,Er zijn geen vragen van de bezoeker gevonden.
4f575f74-3cba-41ef-bb35-f38e453be612,0,0,,False,Geen vragen gevonden,Er zijn geen vragen van de bezoeker gevonden.
50192d22-5d1e-46ee-be55-6c44946c3549,0,0,,False,Geen vragen gevonden,Er zijn geen vragen van de bezoeker gevonden.
506ea72e-081c-4c77-963b-8e372b9e7da7,0,0,,False,Geen vragen gevonden,Er zijn geen vragen van de bezoeker gevonden.
5270dd13-a20f-40d1-8698-12200f7401cd,1,0,0.0,True,Niet beantwoord,0 van de 1 vragen zijn beantwoord.
52dceb08-c1d0-45d0-8d5a-be5967d021df,0,0,,False,Geen vragen gevonden,Er zijn geen vragen van de bezoeker gevonden.
53408e55-39c2-4ca7-912e-562c2b67806f,0,0,,False,Geen vragen gevonden,Er zijn geen vragen van de bezoeker gevonden.
54067248-e950-404f-9cf2-29f652cdd8a3,1,1,100.0,True,Beantwoord,1 van de 1 vragen zijn beantwoord.
5563dbf9-38b6-48ad-ae8d-fd60b9f6c8a5,0,0,,False,Geen vragen gevonden,Er zijn geen vragen van de bezoeker gevonden.
560e83f3-1e5d-4150-8add-3ddf300e51e6,1,1,100.0,True,Beantwoord,1 van de 1 vragen zijn beantwoord.
56c8be89-7c4e-4553-9f9e-68772c56fa7d,0,0,,False,Geen vragen gevonden,Er zijn geen vragen van de bezoeker gevonden.
56f71dc8-7b96-4b69-add8-359025f5c5c1,0,0,,False,Geen vragen gevonden,Er zijn geen vragen van de bezoeker gevonden.
5831c1ca-f109-4892-a89c-ee3ee0b30536,0,0,,False,Geen vragen gevonden,Er zijn geen vragen van de bezoeker gevonden.
596d018a-789e-4d99-afef-024a8d0129f8,0,0,,False,Geen vragen gevonden,Er zijn geen vragen van de bezoeker gevonden.
5a11222d-3512-4cf3-ac04-34962cd1c6c7,1,1,100.0,True,Beantwoord,1 van de 1 vragen zijn beantwoord.
5a782977-2f95-4f5e-b10e-41236fe85abb,1,0,0.0,True,Niet beantwoord,0 van de 1 vragen zijn beantwoord.
5a89e558-12ba-4c17-a133-1a32a885fca6,0,0,,False,Geen vragen gevonden,Er zijn geen vragen van de bezoeker gevonden.
5af17e32-1345-4b74-950c-9c64b046e532,0,0,,False,Geen vragen gevonden,Er zijn geen vragen van de bezoeker gevonden.
5b59c348-5104-4426-b094-a1ec3a358e77,1,1,100.0,True,Beantwoord,1 van de 1 vragen zijn beantwoord.
5be59cc2-f220-4e91-a039-9b9fd9483ed8,1,1,100.0,True,Beantwoord,1 van de 1 vragen zijn beantwoord.
5e3d407d-3d9b-4e5f-8ecc-d4df932e06ca,0,0,,False,Geen vragen gevonden,Er zijn geen vragen van de bezoeker gevonden.
5fa1410f-9388-45c9-b2db-eda6f238fff3,1,0,0.0,True,Niet beantwoord,0 van de 1 vragen zijn beantwoord.
5fc72f38-46fc-4c87-a128-7fe96a5a9fc6,0,0,,False,Geen vragen gevonden,Er zijn geen vragen van de bezoeker gevonden.
5fc98386-4ae3-41a1-926b-2d6940ea1194,0,0,,False,Geen vragen gevonden,Er zijn geen vragen van de bezoeker gevonden.
5feaa982-1529-4df2-a649-ea8c66964b0c,0,0,,False,Geen vragen gevonden,Er zijn geen vragen van de bezoeker gevonden.
5fed2867-4a54-4be6-a46c-8ba72d05b28e,0,0,,False,Geen vragen gevonden,Er zijn geen vragen van de bezoeker gevonden.
60785e49-4db7-4a22-abcf-7975f7d0ba7a,1,0,0.0,True,Niet beantwoord,0 van de 1 vragen zijn beantwoord.
60b5fdb0-5ba8-4d6b-a031-b202116653d2,1,1,100.0,True,Beantwoord,1 van de 1 vragen zijn beantwoord.
610aef5b-c17c-4e90-9447-540071cecf00,1,1,100.0,True,Beantwoord,1 van de 1 vragen zijn beantwoord.
612c5c31-c3f4-4b08-8345-141dfe79c4ce,1,1,100.0,True,Beantwoord,1 van de 1 vragen zijn beantwoord.
61b7006b-5f82-4d9b-a1a1-f4be488ad99d,1,1,100.0,True,Beantwoord,1 van de 1 vragen zijn beantwoord.
62e262ef-3982-456f-8329-abbd8a861267,0,0,,False,Geen vragen gevonden,Er zijn geen vragen van de bezoeker gevonden.
64aaa9a4-9822-46d6-9f0e-7966969fb4c7,0,0,,False,Geen vragen gevonden,Er zijn geen vragen van de bezoeker gevonden.
652ea913-e59e-4613-9b98-09b470ccca74,0,0,,False,Geen vragen gevonden,Er zijn geen vragen van de bezoeker gevonden.
65528604-badb-49b6-b0b1-ed1b2f24da4b,1,1,100.0,True,Beantwoord,1 van de 1 vragen zijn beantwoord.
65bab551-47ff-4107-b060-a78c1e79371b,0,0,,False,Geen vragen gevonden,Er zijn geen vragen van de bezoeker gevonden.
664ab60a-a36f-45f1-b48d-fe88b91d232d,1,1,100.0,True,Beantwoord,1 van de 1 vragen zijn beantwoord.
67218615-a49a-49e5-b5ce-d6501568d041,2,2,100.0,True,Beantwoord,2 van de 2 vragen zijn beantwoord.
6759235d-926f-40a3-bb98-8f6260258b6d,0,0,,False,Geen vragen gevonden,Er zijn geen vragen van de bezoeker gevonden.
67cfc32e-5619-483e-93d8-6b61addc2090,0,0,,False,Geen vragen gevonden,Er zijn geen vragen van de bezoeker gevonden.
67ebe579-69a0-4779-9e32-675eb7b6a49f,0,0,,False,Geen vragen gevonden,Er zijn geen vragen van de bezoeker gevonden.
6888978f-0519-40cc-9365-71318aad331e,0,0,,False,Geen vragen gevonden,Er zijn geen vragen van de bezoeker gevonden.
69be6ea3-4c83-4cac-91e8-7079cece7ac9,0,0,,False,Geen vragen gevonden,Er zijn geen vragen van de bezoeker gevonden.
6a247df1-c852-43fc-83a4-54f0ea050b68,1,1,100.0,True,Beantwoord,1 van de 1 vragen zijn beantwoord.
6a70bce5-a0bd-4b70-a566-4b6661b26f50,1,0,0.0,True,Niet beantwoord,0 van de 1 vragen zijn beantwoord.
6a70ca4b-aab7-44fc-9a95-60ece8e4ee4b,1,1,100.0,True,Beantwoord,1 van de 1 vragen zijn beantwoord.
6abae551-4c8a-4463-a18a-5bb7fe8ff04b,0,0,,False,Geen vragen gevonden,Er zijn geen vragen van de bezoeker gevonden.
6e597a4a-4e0f-4f0d-8c1d-6775f3b550ce,2,2,100.0,True,Beantwoord,2 van de 2 vragen zijn beantwoord.
6eb23c09-3cc2-4397-9a5c-b2a18af1fd91,0,0,,False,Geen vragen gevonden,Er zijn geen vragen van de bezoeker gevonden.
6ee0fb84-2c88-4573-b439-96ea55929a63,0,0,,False,Geen vragen gevonden,Er zijn geen vragen van de bezoeker gevonden.
6fd29c96-f969-484d-b436-d8366b402144,1,0,0.0,True,Niet beantwoord,0 van de 1 vragen zijn beantwoord.
712c2a99-d510-4147-90c9-51c60bcc9718,0,0,,False,Geen vragen gevonden,Er zijn geen vragen van de bezoeker gevonden.
7196684f-8460-41a7-b80e-1b62f6810c7d,0,0,,False,Geen vragen gevonden,Er zijn geen vragen van de bezoeker gevonden.
720eeebe-8453-405e-bd5a-97338fdf6f54,1,1,100.0,True,Beantwoord,1 van de 1 vragen zijn beantwoord.
72117cb1-edcd-466c-bd9d-1d663aad1a61,1,0,0.0,True,Niet beantwoord,0 van de 1 vragen zijn beantwoord.
724c3ab3-b430-4b15-a866-f1101b897d14,1,0,0.0,True,Niet beantwoord,0 van de 1 vragen zijn beantwoord.
727b873b-cf9c-4162-99ce-d70e16096c97,0,0,,False,Geen vragen gevonden,Er zijn geen vragen van de bezoeker gevonden.
727ee324-5b17-4211-ac4b-7ae920e04e03,1,1,100.0,True,Beantwoord,1 van de 1 vragen zijn beantwoord.
72e0b4f1-bdc0-4087-8dd5-94f27f9f45e2,1,1,100.0,True,Beantwoord,1 van de 1 vragen zijn beantwoord.
735ec65c-4cf6-43e2-b8d3-d1cb4db3e384,0,0,,False,Geen vragen gevonden,Er zijn geen vragen van de bezoeker gevonden.
7451fd46-ff76-4fec-9ec2-076d524a37d7,2,2,100.0,True,Beantwoord,2 van de 2 vragen zijn beantwoord.
7466a6c5-9600-4e8d-b1da-a668f622c694,1,0,0.0,True,Niet beantwoord,0 van de 1 vragen zijn beantwoord.
746b7d39-5c44-40a6-824e-d95faf4328ea,1,1,100.0,True,Beantwoord,1 van de 1 vragen zijn beantwoord.
74ab239a-92a2-46cf-98b5-898ad2c24b38,1,1,100.0,True,Beantwoord,1 van de 1 vragen zijn beantwoord.
74dd189d-65c2-474a-ad5e-df6cf6599652,1,0,0.0,True,Niet beantwoord,0 van de 1 vragen zijn beantwoord.
76d81982-275d-4f5e-bcd0-a21c88ec46c3,0,0,,False,Geen vragen gevonden,Er zijn geen vragen van de bezoeker gevonden.
77130e23-faac-452a-87b4-0ab7ac068bbe,0,0,,False,Geen vragen gevonden,Er zijn geen vragen van de bezoeker gevonden.
77178a8a-5e83-4014-8eee-75b173430246,1,0,0.0,True,Niet beantwoord,0 van de 1 vragen zijn beantwoord.
77658bc7-a721-4106-8750-c293cfc9019a,1,0,0.0,True,Niet beantwoord,0 van de 1 vragen zijn beantwoord.
7813fbc4-8040-4166-8bf1-e926ede68eb8,0,0,,False,Geen vragen gevonden,Er zijn geen vragen van de bezoeker gevonden.
792433e4-3e58-4586-8fb2-8f91b459c148,0,0,,False,Geen vragen gevonden,Er zijn geen vragen van de bezoeker gevonden.
7941a492-89e1-4aad-af31-01060dd95925,0,0,,False,Geen vragen gevonden,Er zijn geen vragen van de bezoeker gevonden.
79da782c-072c-4b4b-9c43-875336a085c1,1,1,100.0,True,Beantwoord,1 van de 1 vragen zijn beantwoord.
7b13309c-fc2a-489e-ae0e-829012b0c5b2,1,1,100.0,True,Beantwoord,1 van de 1 vragen zijn beantwoord.
7b626fef-d514-47f7-b560-f9e205538b8d,1,1,100.0,True,Beantwoord,1 van de 1 vragen zijn beantwoord.
7b8cbabf-dd5f-45c4-b6c3-c1660cc4aebe,0,0,,False,Geen vragen gevonden,Er zijn geen vragen van de bezoeker gevonden.
7b9ef30d-c36a-4b2e-ab4e-fd5263ec8fb2,1,1,100.0,True,Beantwoord,1 van de 1 vragen zijn beantwoord.
7c309100-358d-46c4-9ba9-9276a6607776,0,0,,False,Geen vragen gevonden,Er zijn geen vragen van de bezoeker gevonden.
7c5d0df6-0ba8-4bc1-8381-a06a907d8d78,0,0,,False,Geen vragen gevonden,Er zijn geen vragen van de bezoeker gevonden.
7dabc0e1-8531-4519-bea6-14cc10c62bd9,0,0,,False,Geen vragen gevonden,Er zijn geen vragen van de bezoeker gevonden.
7e42a8a5-a573-4dcf-81f9-19ad487fc073,1,0,0.0,True,Niet beantwoord,0 van de 1 vragen zijn beantwoord.
7fc21dfd-b95a-4775-beff-5f352ddfb054,2,2,100.0,True,Beantwoord,2 van de 2 vragen zijn beantwoord.
8080ac21-439e-44c2-af28-dbe1d5696d90,0,0,,False,Geen vragen gevonden,Er zijn geen vragen van de bezoeker gevonden.
80c89f29-061f-4e75-93ee-e3c373581f03,0,0,,False,Geen vragen gevonden,Er zijn geen vragen van de bezoeker gevonden.
80d69cca-af38-4605-907b-a209a0db0ff9,2,1,50.0,True,Deels beantwoord,1 van de 2 vragen zijn beantwoord.
80fecec4-a5db-4a4d-9ead-69e5a36d978c,0,0,,False,Geen vragen gevonden,Er zijn geen vragen van de bezoeker gevonden.
8124951f-c944-4f22-a02c-d7b55b124694,1,1,100.0,True,Beantwoord,1 van de 1 vragen zijn beantwoord.
8237a38f-eb43-42c5-a50c-1f22d142f993,0,0,,False,Geen vragen gevonden,Er zijn geen vragen van de bezoeker gevonden.
825fa00f-491b-47f4-b34e-46a34ec285f6,0,0,,False,Geen vragen gevonden,Er zijn geen vragen van de bezoeker gevonden.
82b6eda1-bcf7-45ed-8e5a-9c049be4e326,0,0,,False,Geen vragen gevonden,Er zijn geen vragen van de bezoeker gevonden.
82c8a882-ccdf-43c1-bcba-1181424415ab,0,0,,False,Geen vragen gevonden,Er zijn geen vragen van de bezoeker gevonden.
83d59b73-62bb-499a-8005-96d8f20de4a3,0,0,,False,Geen vragen gevonden,Er zijn geen vragen van de bezoeker gevonden.
8418bef8-672b-4f93-8dcf-6e24c8eb70d3,1,1,100.0,True,Beantwoord,1 van de 1 vragen zijn beantwoord.
84e92a31-d680-406a-85b8-f7e8266822f0,2,2,100.0,True,Beantwoord,2 van de 2 vragen zijn beantwoord.
86a85eaa-6fdb-44d8-93db-781000e103b0,1,0,0.0,True,Niet beantwoord,0 van de 1 vragen zijn beantwoord.
87bba410-7440-4e74-aa82-841ac7c0e8f9,1,1,100.0,True,Beantwoord,1 van de 1 vragen zijn beantwoord.
88add74b-4280-44cd-a1cf-c14ab895b352,1,0,0.0,True,Niet beantwoord,0 van de 1 vragen zijn beantwoord.
8a04b551-54ce-49ef-afb3-5bc84a04a139,1,1,100.0,True,Beantwoord,1 van de 1 vragen zijn beantwoord.
8acea325-0a61-4973-bead-aaa09a2d3bdb,1,1,100.0,True,Beantwoord,1 van de 1 vragen zijn beantwoord.
8aceb9ed-07e4-46b2-afbf-63bc22bcc8de,1,1,100.0,True,Beantwoord,1 van de 1 vragen zijn beantwoord.
8b42a238-3b6a-4db7-a5a7-f852ecd43246,1,1,100.0,True,Beantwoord,1 van de 1 vragen zijn beantwoord.
8bd42546-b10e-4b06-aab6-c19b4705aa92,0,0,,False,Geen vragen gevonden,Er zijn geen vragen van de bezoeker gevonden.
8be17914-20f6-49e1-96b1-29af31297ebf,0,0,,False,Geen vragen gevonden,Er zijn geen vragen van de bezoeker gevonden.
8c4cabf0-dea2-4dac-b06f-01c5f48fa7f6,0,0,,False,Geen vragen gevonden,Er zijn geen vragen van de bezoeker gevonden.
8cf50f20-97d2-4267-9be6-e6e6a04d14b1,0,0,,False,Geen vragen gevonden,Er zijn geen vragen van de bezoeker gevonden.
8d5fc6d0-f596-4a7e-9b3f-cc685845aafa,0,0,,False,Geen vragen gevonden,Er zijn geen vragen van de bezoeker gevonden.
8e45ce52-fba0-4c64-80b5-7ac955e14ec7,0,0,,False,Geen vragen gevonden,Er zijn geen vragen van de bezoeker gevonden.
8ee3bff8-f0da-48ac-b980-3030e0004306,1,0,0.0,True,Niet beantwoord,0 van de 1 vragen zijn beantwoord.
8eed3908-6d6b-4ee4-bd5f-506bf98391ff,0,0,,False,Geen vragen gevonden,Er zijn geen vragen van de bezoeker gevonden.
8f2cfe26-684c-4824-94f6-37f82caa2f41,1,1,100.0,True,Beantwoord,1 van de 1 vragen zijn beantwoord.
8f861f34-243c-4bf4-8122-75e57a6b4065,1,0,0.0,True,Niet beantwoord,0 van de 1 vragen zijn beantwoord.
9072eeb7-2d89-4ad8-a76f-994054086cf4,1,1,100.0,True,Beantwoord,1 van de 1 vragen zijn beantwoord.
9138f140-4fa4-4f54-a54b-67c2b3ce932e,0,0,,False,Geen vragen gevonden,Er zijn geen vragen van de bezoeker gevonden.
919d69a2-0d1c-4686-9117-63d23501b05e,1,1,100.0,True,Beantwoord,1 van de 1 vragen zijn beantwoord.
91d38046-fbf1-4d01-b93c-966df0b33d7a,1,1,100.0,True,Beantwoord,1 van de 1 vragen zijn beantwoord.
926a1674-670a-4db3-93f3-67dcca8d4fc1,0,0,,False,Geen vragen gevonden,Er zijn geen vragen van de bezoeker gevonden.
92739055-6089-46cc-ae57-28a6b1a4dbd9,0,0,,False,Geen vragen gevonden,Er zijn geen vragen van de bezoeker gevonden.
92794bfc-a2b1-4ee3-a2c2-3c2707a2ffd0,1,1,100.0,True,Beantwoord,1 van de 1 vragen zijn beantwoord.
93edae41-974b-431e-a3c2-7535a782a652,0,0,,False,Geen vragen gevonden,Er zijn geen vragen van de bezoeker gevonden.
94770b6b-6ff8-4acf-992c-d26878760802,1,0,0.0,True,Niet beantwoord,0 van de 1 vragen zijn beantwoord.
949ab566-8bf6-4d09-bde5-c558fe236965,0,0,,False,Geen vragen gevonden,Er zijn geen vragen van de bezoeker gevonden.
94a89606-e041-4eb2-9fb4-58c976aece6f,1,1,100.0,True,Beantwoord,1 van de 1 vragen zijn beantwoord.
95460d3c-db48-4e2f-8972-cb34f777f556,0,0,,False,Geen vragen gevonden,Er zijn geen vragen van de bezoeker gevonden.
95b73211-8afb-4faa-b00d-ab2333f187d0,1,1,100.0,True,Beantwoord,1 van de 1 vragen zijn beantwoord.
964084b3-f4e4-4db7-bd2d-0ecc82ff8b59,0,0,,False,Geen vragen gevonden,Er zijn geen vragen van de bezoeker gevonden.
9677ac55-5f2b-4330-9106-ea4826c1e735,0,0,,False,Geen vragen gevonden,Er zijn geen vragen van de bezoeker gevonden.
99b6b96e-79d4-4e2f-a528-337366a8cefc,1,1,100.0,True,Beantwoord,1 van de 1 vragen zijn beantwoord.
99be5958-cce1-45f9-86e6-105e7d25e172,1,1,100.0,True,Beantwoord,1 van de 1 vragen zijn beantwoord.
9a88caef-f88b-4435-b809-16cab8fc856b,0,0,,False,Geen vragen gevonden,Er zijn geen vragen van de bezoeker gevonden.
9be33b7c-faa5-4dc5-bfd7-3acd9a292797,0,0,,False,Geen vragen gevonden,Er zijn geen vragen van de bezoeker gevonden.
9c22c453-86f5-4226-a6be-9cfc18fbb0ce,0,0,,False,Geen vragen gevonden,Er zijn geen vragen van de bezoeker gevonden.
9ca2f005-d693-40ef-a32f-fb768ee3bd98,1,1,100.0,True,Beantwoord,1 van de 1 vragen zijn beantwoord.
9d192608-2ec5-4448-a548-4a33bb9b6f86,0,0,,False,Geen vragen gevonden,Er zijn geen vragen van de bezoeker gevonden.
9d7e0275-4764-4968-b8ed-853f088f3bed,0,0,,False,Geen vragen gevonden,Er zijn geen vragen van de bezoeker gevonden.
9da46a3d-8622-4c1f-aea9-5469b920f274,2,1,50.0,True,Deels beantwoord,1 van de 2 vragen zijn beantwoord.
9f1386b0-829b-4e3b-b024-fd663446d507,0,0,,False,Geen vragen gevonden,Er zijn geen vragen van de bezoeker gevonden.
9fa30043-6cbb-47dd-b6f3-866a151cbbb7,0,0,,False,Geen vragen gevonden,Er zijn geen vragen van de bezoeker gevonden.
9ffa4f00-a3a5-4aa0-98f5-a963849e9508,1,1,100.0,True,Beantwoord,1 van de 1 vragen zijn beantwoord.
a09b320e-58b8-4157-aa25-f736dc833c00,0,0,,False,Geen vragen gevonden,Er zijn geen vragen van de bezoeker gevonden.
a1f5191e-7f8b-4a2b-8376-e49e19e5122c,0,0,,False,Geen vragen gevonden,Er zijn geen vragen van de bezoeker gevonden.
a234cafa-472f-45d3-b2de-539ee2c53cf0,0,0,,False,Geen vragen gevonden,Er zijn geen vragen van de bezoeker gevonden.
a265fa06-d72f-4379-9a5c-8d3cf32a78fe,0,0,,False,Geen vragen gevonden,Er zijn geen vragen van de bezoeker gevonden.
a32a51f0-250c-42ff-a865-54eb91fd1cfa,0,0,,False,Geen vragen gevonden,Er zijn geen vragen van de bezoeker gevonden.
a418df9c-ffcd-46e5-b890-3565b9d3bbfa,0,0,,False,Geen vragen gevonden,Er zijn geen vragen van de bezoeker gevonden.
a46b42bc-78bf-4ee6-8ed8-c7b8e5baac08,0,0,,False,Geen vragen gevonden,Er zijn geen vragen van de bezoeker gevonden.
a473ce48-2457-436a-91ec-3d17efdb8b6f,0,0,,False,Geen vragen gevonden,Er zijn geen vragen van de bezoeker gevonden.
a670cb09-f61f-447d-b84c-89c8b0ef96bb,0,0,,False,Geen vragen gevonden,Er zijn geen vragen van de bezoeker gevonden.
a672d8c7-db2a-4bf3-91ff-f4163c48bace,1,1,100.0,True,Beantwoord,1 van de 1 vragen zijn beantwoord.
a6acf5ec-bb64-458c-a4a8-ee7c66376122,1,0,0.0,True,Niet beantwoord,0 van de 1 vragen zijn beantwoord.
a6d22b5d-3ca4-4f66-8718-b465b51b6712,0,0,,False,Geen vragen gevonden,Er zijn geen vragen van de bezoeker gevonden.
a74ad1d6-cb71-4447-b1e9-a5e6f0b3e8e8,0,0,,False,Geen vragen gevonden,Er zijn geen vragen van de bezoeker gevonden.
a92299ba-18b3-45fe-8284-0dbed04d2bc5,1,1,100.0,True,Beantwoord,1 van de 1 vragen zijn beantwoord.
a974b82a-6bf4-4ff9-b150-909dcdac8863,3,2,66.7,True,Deels beantwoord,2 van de 3 vragen zijn beantwoord.
aba38dce-fad6-4528-86b0-75810735d2ab,0,0,,False,Geen vragen gevonden,Er zijn geen vragen van de bezoeker gevonden.
ac4cfa41-bc7f-4591-9f93-a93aa20c5796,2,1,50.0,True,Deels beantwoord,1 van de 2 vragen zijn beantwoord.
ac92afa0-8e2b-4a90-8e31-5fa1b633039b,0,0,,False,Geen vragen gevonden,Er zijn geen vragen van de bezoeker gevonden.
acf6cc60-bbda-4264-90a0-7328e2095a14,1,1,100.0,True,Beantwoord,1 van de 1 vragen zijn beantwoord.
add7ad79-6771-475a-a628-e06875fe7ddb,1,1,100.0,True,Beantwoord,1 van de 1 vragen zijn beantwoord.
aea104d8-c6ae-4c3b-b9ff-19130a761cf6,0,0,,False,Geen vragen gevonden,Er zijn geen vragen van de bezoeker gevonden.
aeda2250-23b6-484a-8724-e5049c39c21a,1,0,0.0,True,Niet beantwoord,0 van de 1 vragen zijn beantwoord.
aedf1e86-60a1-45aa-8789-15f9e06c0435,0,0,,False,Geen vragen gevonden,Er zijn geen vragen van de bezoeker gevonden.
af09f2c6-e874-4501-81e4-93a6c4564ec1,0,0,,False,Geen vragen gevonden,Er zijn geen vragen van de bezoeker gevonden.
af77b183-0ccb-4493-a364-bc10207e2293,0,0,,False,Geen vragen gevonden,Er zijn geen vragen van de bezoeker gevonden.
afd729f9-7a31-4621-af90-f13d5674bd60,0,0,,False,Geen vragen gevonden,Er zijn geen vragen van de bezoeker gevonden.
b0586606-febc-4488-8cd8-7ff1f6ac25cb,0,0,,False,Geen vragen gevonden,Er zijn geen vragen van de bezoeker gevonden.
b1174277-7e01-439a-8c02-731bed5b1d5c,1,0,0.0,True,Niet beantwoord,0 van de 1 vragen zijn beantwoord.
b1b20fd1-80df-4dd3-a230-1853256e0d9d,0,0,,False,Geen vragen gevonden,Er zijn geen vragen van de bezoeker gevonden.
b1ca021b-e6f9-48d2-877f-0ecbf706cbfc,0,0,,False,Geen vragen gevonden,Er zijn geen vragen van de bezoeker gevonden.
b240b15f-c0cc-4299-af25-6167e08cbc2b,0,0,,False,Geen vragen gevonden,Er zijn geen vragen van de bezoeker gevonden.
b2b925dc-0f56-4b9d-bd1e-540d1c4bc38a,0,0,,False,Geen vragen gevonden,Er zijn geen vragen van de bezoeker gevonden.
b4c50e27-1ff5-48d4-8fb5-60b8415f6643,0,0,,False,Geen vragen gevonden,Er zijn geen vragen van de bezoeker gevonden.
b4f47e57-ac5f-4bd1-9379-99b6e3f8db5e,1,0,0.0,True,Niet beantwoord,0 van de 1 vragen zijn beantwoord.
b6e157d7-a57d-4842-8f8a-220b9f4850bc,0,0,,False,Geen vragen gevonden,Er zijn geen vragen van de bezoeker gevonden.
b8d56acb-6fe8-42f7-880b-aeb631b9314c,0,0,,False,Geen vragen gevonden,Er zijn geen vragen van de bezoeker gevonden.
b9e1f22c-8304-4faf-9fab-2531213a42d3,1,1,100.0,True,Beantwoord,1 van de 1 vragen zijn beantwoord.
bad92a26-5459-4257-9f50-146922258226,1,0,0.0,True,Niet beantwoord,0 van de 1 vragen zijn beantwoord.
bb72cd0b-5ce6-4344-b977-5c3484776543,1,1,100.0,True,Beantwoord,1 van de 1 vragen zijn beantwoord.
bc368643-ce0d-40c7-a709-556310484997,0,0,,False,Geen vragen gevonden,Er zijn geen vragen van de bezoeker gevonden.
bd65caae-0619-4de4-ba7f-55870a81a6c6,0,0,,False,Geen vragen gevonden,Er zijn geen vragen van de bezoeker gevonden.
bda913bd-af5a-41ad-b13c-c969fabd52ec,0,0,,False,Geen vragen gevonden,Er zijn geen vragen van de bezoeker gevonden.
bf0030c2-5ff0-4ec9-9a70-12a4dbdecec6,0,0,,False,Geen vragen gevonden,Er zijn geen vragen van de bezoeker gevonden.
c03bd6cd-fece-4a64-8485-f1e07ad8da6c,1,1,100.0,True,Beantwoord,1 van de 1 vragen zijn beantwoord.
c0c98b78-e065-4e6a-bd77-58fee64f38d5,0,0,,False,Geen vragen gevonden,Er zijn geen vragen van de bezoeker gevonden.
c117f592-8f73-4dab-8c89-45cef4e8a6f8,0,0,,False,Geen vragen gevonden,Er zijn geen vragen van de bezoeker gevonden.
c1429d93-33b5-4856-a51c-d364c6214ba9,1,1,100.0,True,Beantwoord,1 van de 1 vragen zijn beantwoord.
c1c58cbf-1e45-48c2-a5b2-7ab449f4d0c1,2,1,50.0,True,Deels beantwoord,1 van de 2 vragen zijn beantwoord.
c21900ef-ec65-4aeb-a2f0-fea68d05cc03,1,1,100.0,True,Beantwoord,1 van de 1 vragen zijn beantwoord.
c21f35ba-4f4e-495e-b746-75c45a55462e,0,0,,False,Geen vragen gevonden,Er zijn geen vragen van de bezoeker gevonden.
c349ed13-2dbf-47f7-b276-2f78e5c181fb,1,0,0.0,True,Niet beantwoord,0 van de 1 vragen zijn beantwoord.
c3744d86-d117-42f2-b132-49fd7661cc1c,0,0,,False,Geen vragen gevonden,Er zijn geen vragen van de bezoeker gevonden.
c55c7aed-d250-4f6d-812d-87ff5f68922c,0,0,,False,Geen vragen gevonden,Er zijn geen vragen van de bezoeker gevonden.
c58597c3-bb13-426e-a16c-a80896c2e87f,0,0,,False,Geen vragen gevonden,Er zijn geen vragen van de bezoeker gevonden.
c70b469c-0d87-4c96-8986-34c421367ce1,0,0,,False,Geen vragen gevonden,Er zijn geen vragen van de bezoeker gevonden.
c70f8354-330e-4f6b-8f24-62cb026a4602,0,0,,False,Geen vragen gevonden,Er zijn geen vragen van de bezoeker gevonden.
c8a96f86-ce43-4e7a-a532-2544357504cc,0,0,,False,Geen vragen gevonden,Er zijn geen vragen van de bezoeker gevonden.
c8e98b5c-0075-4c26-9deb-36927236bc4a,1,1,100.0,True,Beantwoord,1 van de 1 vragen zijn beantwoord.
caf52afd-a989-46bf-99fd-c7bbd8bc5cc1,0,0,,False,Geen vragen gevonden,Er zijn geen vragen van de bezoeker gevonden.
cbc6e244-44f7-4afd-8def-f10410989b02,0,0,,False,Geen vragen gevonden,Er zijn geen vragen van de bezoeker gevonden.
cc1e82f2-5fbd-4807-9db0-ca1991a91892,4,4,100.0,True,Beantwoord,4 van de 4 vragen zijn beantwoord.
ccc8f85c-00e1-445c-b7de-0f6d1daa28c6,0,0,,False,Geen vragen gevonden,Er zijn geen vragen van de bezoeker gevonden.
d0369f69-1b79-4d9a-aa53-0e73b0022422,1,1,100.0,True,Beantwoord,1 van de 1 vragen zijn beantwoord.
d2d16f1f-e6ef-429f-8662-f152b266d1fa,1,1,100.0,True,Beantwoord,1 van de 1 vragen zijn beantwoord.
d31327b8-7e61-4a66-b5fc-e0e14c4459b2,1,0,0.0,True,Niet beantwoord,0 van de 1 vragen zijn beantwoord.
d39bcb1a-40a5-463c-8199-55e00bf2969a,1,1,100.0,True,Beantwoord,1 van de 1 vragen zijn beantwoord.
d469e2c1-7b6c-4c3f-867a-2de7c6d9e35a,0,0,,False,Geen vragen gevonden,Er zijn geen vragen van de bezoeker gevonden.
d47b21de-9bcc-42b5-a8d0-92a5f6e2909f,0,0,,False,Geen vragen gevonden,Er zijn geen vragen van de bezoeker gevonden.
d48d8f56-7c57-47f5-8e75-5ccaca7e2bba,1,1,100.0,True,Beantwoord,1 van de 1 vragen zijn beantwoord.
d4a03a5c-6bb4-4463-bd44-a0b98e3f5917,1,1,100.0,True,Beantwoord,1 van de 1 vragen zijn beantwoord.
d518958e-a6ff-446c-a3d4-d7cc4bea9f19,0,0,,False,Geen vragen gevonden,Er zijn geen vragen van de bezoeker gevonden.
d51ed7b1-6e06-4a71-8499-296b84b1c0e7,1,1,100.0,True,Beantwoord,1 van de 1 vragen zijn beantwoord.
d5eb5666-c672-4888-b586-2547c4dd6f4b,0,0,,False,Geen vragen gevonden,Er zijn geen vragen van de bezoeker gevonden.
d5f1673d-7768-4de6-912a-8d2f1ee8d5bd,0,0,,False,Geen vragen gevonden,Er zijn geen vragen van de bezoeker gevonden.
d70134a0-62e7-4c3f-9e80-d548cb64f367,1,0,0.0,True,Niet beantwoord,0 van de 1 vragen zijn beantwoord.
d7361da1-7a52-4022-824a-5dd7163c0e7d,0,0,,False,Geen vragen gevonden,Er zijn geen vragen van de bezoeker gevonden.
d737a68f-037f-43e6-a08b-e70cc73e439f,2,2,100.0,True,Beantwoord,2 van de 2 vragen zijn beantwoord.
d8deed8d-cea7-42e0-91f7-b04e346fcaf3,1,1,100.0,True,Beantwoord,1 van de 1 vragen zijn beantwoord.
d8f01ec7-3ee8-4e2a-85fd-ac7efdd2a748,0,0,,False,Geen vragen gevonden,Er zijn geen vragen van de bezoeker gevonden.
da03690a-e0c2-4b7f-9818-f5a77e67ef75,1,1,100.0,True,Beantwoord,1 van de 1 vragen zijn beantwoord.
da12d1d0-3191-496f-834c-8c313c6d8d36,0,0,,False,Geen vragen gevonden,Er zijn geen vragen van de bezoeker gevonden.
da413e67-31a0-4cc1-9a86-4d279e3dc55d,0,0,,False,Geen vragen gevonden,Er zijn geen vragen van de bezoeker gevonden.
da7f3de7-0b81-4366-a663-f8458fe86e8f,3,1,33.3,True,Deels beantwoord,1 van de 3 vragen zijn beantwoord.
dae835f6-49f4-4624-9985-4238505f6d1f,1,1,100.0,True,Beantwoord,1 van de 1 vragen zijn beantwoord.
dbc26b8a-f8ee-49ee-a0aa-4dd42d528e9f,1,1,100.0,True,Beantwoord,1 van de 1 vragen zijn beantwoord.
ddc2b227-fcb0-45d3-842b-5d74c29e3978,1,1,100.0,True,Beantwoord,1 van de 1 vragen zijn beantwoord.
de19f4a0-7bc6-4045-977d-df1b1c833f69,1,1,100.0,True,Beantwoord,1 van de 1 vragen zijn beantwoord.
deeb4e3e-2e53-4994-826d-1a26e502aad8,1,0,0.0,True,Niet beantwoord,0 van de 1 vragen zijn beantwoord.
def2dfac-b0a2-40ea-9ce4-a68c6d5e5a7c,0,0,,False,Geen vragen gevonden,Er zijn geen vragen van de bezoeker gevonden.
dfa6a818-357d-4bae-a156-21d5cf614d0f,0,0,,False,Geen vragen gevonden,Er zijn geen vragen van de bezoeker gevonden.
e1565265-5a3a-4873-90bb-c86fd80b50ec,0,0,,False,Geen vragen gevonden,Er zijn geen vragen van de bezoeker gevonden.
e1652f07-f855-4021-8d73-e2c11c4889a2,1,1,100.0,True,Beantwoord,1 van de 1 vragen zijn beantwoord.
e1854f05-4847-4bd5-8dba-065c000e64e3,1,1,100.0,True,Beantwoord,1 van de 1 vragen zijn beantwoord.
e1fa6ba9-7e9f-4447-bc1f-b6a8095a0976,1,1,100.0,True,Beantwoord,1 van de 1 vragen zijn beantwoord.
e224b243-1c4b-4218-99b7-38bd0764fee8,0,0,,False,Geen vragen gevonden,Er zijn geen vragen van de bezoeker gevonden.
e29c0dff-0c0f-415e-8783-970d4752f370,1,1,100.0,True,Beantwoord,1 van de 1 vragen zijn beantwoord.
e371f062-7e87-4a51-b0f3-313bdef91793,0,0,,False,Geen vragen gevonden,Er zijn geen vragen van de bezoeker gevonden.
e395d001-f4f0-4b31-b745-8eafa8554cfa,0,0,,False,Geen vragen gevonden,Er zijn geen vragen van de bezoeker gevonden.
e3e769c2-5386-4a83-811e-ecb847a90e84,1,1,100.0,True,Beantwoord,1 van de 1 vragen zijn beantwoord.
e4399fa5-982a-4c72-861a-05cbb3054b9f,0,0,,False,Geen vragen gevonden,Er zijn geen vragen van de bezoeker gevonden.
e4731a05-4798-49de-b38c-d83247d576a4,1,0,0.0,True,Niet beantwoord,0 van de 1 vragen zijn beantwoord.
e4b15fd2-6cc1-413d-934f-ff110c404231,1,1,100.0,True,Beantwoord,1 van de 1 vragen zijn beantwoord.
e588c549-443d-4357-8473-b720ef39abb2,1,1,100.0,True,Beantwoord,1 van de 1 vragen zijn beantwoord.
e5b80087-cef2-456a-8b84-bc16e3ac1e0f,0,0,,False,Geen vragen gevonden,Er zijn geen vragen van de bezoeker gevonden.
e613a950-35ac-444f-9285-6a23430105d1,0,0,,False,Geen vragen gevonden,Er zijn geen vragen van de bezoeker gevonden.
e69e4a97-f37d-4abd-9e7b-777d958f4833,1,0,0.0,True,Niet beantwoord,0 van de 1 vragen zijn beantwoord.
e7143a27-b104-46fe-9545-150e5404f518,0,0,,False,Geen vragen gevonden,Er zijn geen vragen van de bezoeker gevonden.
e78f1740-20aa-414b-9f88-2694f885a5e9,0,0,,False,Geen vragen gevonden,Er zijn geen vragen van de bezoeker gevonden.
e837a6e4-728d-4fd8-a303-dcd57a5157ff,0,0,,False,Geen vragen gevonden,Er zijn geen vragen van de bezoeker gevonden.
e921df34-d41c-4f13-9938-67ac982f9757,0,0,,False,Geen vragen gevonden,Er zijn geen vragen van de bezoeker gevonden.
e93787cd-6b11-4a93-a5bb-8f0143ae48ee,0,0,,False,Geen vragen gevonden,Er zijn geen vragen van de bezoeker gevonden.
eac5956b-b439-477d-adee-9cbdf1e470a6,0,0,,False,Geen vragen gevonden,Er zijn geen vragen van de bezoeker gevonden.
eb65ca03-724f-4df0-835c-94c3527792c5,0,0,,False,Geen vragen gevonden,Er zijn geen vragen van de bezoeker gevonden.
ebc716db-2543-4872-9cf4-b1ce837f5393,0,0,,False,Geen vragen gevonden,Er zijn geen vragen van de bezoeker gevonden.
ec3916b0-e14b-47ba-b4da-ed046f34acbc,0,0,,False,Geen vragen gevonden,Er zijn geen vragen van de bezoeker gevonden.
ec5800e3-3313-411b-92eb-dd51a3db98de,0,0,,False,Geen vragen gevonden,Er zijn geen vragen van de bezoeker gevonden.
ec658d18-9e91-4dd0-8de9-8c21f4bb721b,0,0,,False,Geen vragen gevonden,Er zijn geen vragen van de bezoeker gevonden.
ecae5c32-a624-4614-b7b7-06fdea193ba6,1,1,100.0,True,Beantwoord,1 van de 1 vragen zijn beantwoord.
ed0148ca-75d0-4456-a201-f2331528ecb5,1,1,100.0,True,Beantwoord,1 van de 1 vragen zijn beantwoord.
ed4c7633-1163-46f1-8bb0-0e372819a6b2,1,0,0.0,True,Niet beantwoord,0 van de 1 vragen zijn beantwoord.
ee27dfd2-9050-43f1-9054-83dbb152d9a5,0,0,,False,Geen vragen gevonden,Er zijn geen vragen van de bezoeker gevonden.
efa270bd-89fe-44ea-aa8e-50eb5c0d11db,0,0,,False,Geen vragen gevonden,Er zijn geen vragen van de bezoeker gevonden.
efc92b04-b60c-49f9-a534-f0686a2ed86e,1,1,100.0,True,Beantwoord,1 van de 1 vragen zijn beantwoord.
f19753cb-cc7e-40a7-a766-fd8f5ad0ff5c,1,1,100.0,True,Beantwoord,1 van de 1 vragen zijn beantwoord.
f2181fc1-7171-4bd9-9352-d0e0f1492e8a,2,1,50.0,True,Deels beantwoord,1 van de 2 vragen zijn beantwoord.
f2280ecf-179f-4162-9776-d3068b8ffc1c,0,0,,False,Geen vragen gevonden,Er zijn geen vragen van de bezoeker gevonden.
f299c1a1-ff3e-4949-9222-3e83baed8a85,0,0,,False,Geen vragen gevonden,Er zijn geen vragen van de bezoeker gevonden.
f2c3cdbf-89ca-477e-abea-44b018c94fb5,1,1,100.0,True,Beantwoord,1 van de 1 vragen zijn beantwoord.
f2d39967-b9e4-4f9e-8735-9a2593371b6e,0,0,,False,Geen vragen gevonden,Er zijn geen vragen van de bezoeker gevonden.
f305ad56-f56b-4de4-a60a-92a10082eaef,1,1,100.0,True,Beantwoord,1 van de 1 vragen zijn beantwoord.
f34d3b5f-8286-4768-9058-a756bcd23f86,1,1,100.0,True,Beantwoord,1 van de 1 vragen zijn beantwoord.
f37ccbea-a276-475e-bcc0-e9acfcc95b08,0,0,,False,Geen vragen gevonden,Er zijn geen vragen van de bezoeker gevonden.
f3ad907e-3514-45be-98f5-eb6f19d2a25b,1,1,100.0,True,Beantwoord,1 van de 1 vragen zijn beantwoord.
f3c291f2-49b8-4b4c-b424-eaa3b8f81316,0,0,,False,Geen vragen gevonden,Er zijn geen vragen van de bezoeker gevonden.
f4911b82-3331-4f3e-84fa-f2e4fdc7f629,0,0,,False,Geen vragen gevonden,Er zijn geen vragen van de bezoeker gevonden.
f55ce697-e5da-48f7-ad4e-c724cd652125,0,0,,False,Geen vragen gevonden,Er zijn geen vragen van de bezoeker gevonden.
f5692954-c10e-48c1-9fb6-20039a1cfbbe,1,1,100.0,True,Beantwoord,1 van de 1 vragen zijn beantwoord.
f71d2e2b-7b2f-4834-b4ac-c79aaf5c16ed,1,1,100.0,True,Beantwoord,1 van de 1 vragen zijn beantwoord.
f7f7be8b-cbf5-4948-8a1f-2a17348bfd20,2,2,100.0,True,Beantwoord,2 van de 2 vragen zijn beantwoord.
f8295e3f-c033-4c65-95dd-62e62f902aab,0,0,,False,Geen vragen gevonden,Er zijn geen vragen van de bezoeker gevonden.
f849533b-66ef-4675-adc1-cccc81dcd6fa,0,0,,False,Geen vragen gevonden,Er zijn geen vragen van de bezoeker gevonden.
f8b7ebb8-0e2f-456d-ba17-3eb091734766,0,0,,False,Geen vragen gevonden,Er zijn geen vragen van de bezoeker gevonden.
f9034d2c-9c83-4a64-8f15-dcf107ad8c99,1,1,100.0,True,Beantwoord,1 van de 1 vragen zijn beantwoord.
f91a288e-6007-4131-8ac7-6a8eccf814c8,0,0,,False,Geen vragen gevonden,Er zijn geen vragen van de bezoeker gevonden.
fa204beb-cf5f-4c71-ad25-2f80fe1adb54,1,0,0.0,True,Niet beantwoord,0 van de 1 vragen zijn beantwoord.
faf088f5-a7ae-461c-82e9-ce5507f63672,1,1,100.0,True,Beantwoord,1 van de 1 vragen zijn beantwoord.
fb0a6b9b-abb5-4899-908d-6f7d41b2bf86,2,2,100.0,True,Beantwoord,2 van de 2 vragen zijn beantwoord.
fb418a67-4a0a-4be2-b590-4f523c1de981,1,1,100.0,True,Beantwoord,1 van de 1 vragen zijn beantwoord.
fb57ebd4-d916-4045-965c-8248dd7ce09e,1,1,100.0,True,Beantwoord,1 van de 1 vragen zijn beantwoord.
fc0835b5-f9e9-4c08-9425-f1fcc94ba9fc,1,1,100.0,True,Beantwoord,1 van de 1 vragen zijn beantwoord.
fcf35615-44e2-48f1-94f7-31a0d8b4a530,0,0,,False,Geen vragen gevonden,Er zijn geen vragen van de bezoeker gevonden.
fdfe70e8-9974-424c-8e03-ec294ce1eb39,1,1,100.0,True,Beantwoord,1 van de 1 vragen zijn beantwoord.
fe2e17f7-baeb-4931-9c29-bbfa834dcaf5,0,0,,False,Geen vragen gevonden,Er zijn geen vragen van de bezoeker gevonden.
fe5d52e0-59d5-4f83-8ab7-922ffcb9ecc2,1,1,100.0,True,Beantwoord,1 van de 1 vragen zijn beantwoord.
fe68394b-0e73-4411-b4e3-baf4324287c0,1,1,100.0,True,Beantwoord,1 van de 1 vragen zijn beantwoord.
