conversation_id,intent,confidence,first_detected_at
0796e0e4-e6f8-4f75-b20e-466abe97ddb0,Operate System,0.5025,2026-08-30T12:01:27.924753+00:00
09752897-d16c-476d-ae76-b8cf9dc94a98,Active Navigation Help,0.5063,2026-08-30T01:34:42.536505+00:00
09752897-d16c-476d-ae76-b8cf9dc94a98,Request Information,0.6395,2026-08-30T01:35:24.128130+00:00
098a0909-d5e1-427a-88ac-bda635e9b475,Request Information,0.6945,2026-08-30T07:33:54.725664+00:00
098a0909-d5e1-427a-88ac-bda635e9b475,Active Navigation Help,0.5457,2026-08-30T08:59:19.383479+00:00
09e95652-e9aa-4162-a526-b5a8d1b2c293,Request Information,0.4428,2026-08-30T06:57:20.558490+00:00
09e95652-e9aa-4162-a526-b5a8d1b2c293,Active Navigation Help,0.3955,2026-08-30T06:57:52.534612+00:00
12ac98bf-388a-425f-b765-12b4d457a5c1,Request Information,0.6582,2026-08-30T08:22:43.008215+00:00
12ac98bf-388a-425f-b765-12b4d457a5c1,Resolve Problem or Incident,0.472,2026-08-30T08:23:55.261110+00:00
150b1fad-88a3-4491-9285-d94c10878e8a,Request Information,0.6209,2026-08-30T08:27:59.951040+00:00
1710919c-f784-4a25-bb15-ff78d84876a8,Resolve Problem or Incident,0.6155,2026-08-30T07:41:28.972457+00:00
17b813c9-a768-45ad-a305-317e4a71a2f5,Request Information,0.8802,2026-08-30T10:32:01.751305+00:00
1802e1c9-e4a5-4ade-abc0-33fda8ce8655,Resolve Problem or Incident,0.5905,2026-08-30T07:54:30.607860+00:00
1802e1c9-e4a5-4ade-abc0-33fda8ce8655,Request Information,0.5921,2026-08-30T07:59:46.534460+00:00
1802e1c9-e4a5-4ade-abc0-33fda8ce8655,Active Navigation Help,0.8945,2026-08-30T08:57:12.767065+00:00
1bdaef0b-2928-4349-a389-16df918a46e9,Request Information,0.3891,2026-08-30T08:21:51.018751+00:00
1dc0a253-b919-4093-93b6-8d4beea581fd,Request Information,0.8152,2026-08-30T09:39:20.010682+00:00
2186420d-9e43-430b-989a-43ea93f113a1,Resolve Problem or Incident,0.9588,2026-08-30T06:54:43.382722+00:00
2186420d-9e43-430b-989a-43ea93f113a1,Request Information,0.63,2026-08-30T07:33:48.562371+00:00
22e99039-ae98-45f1-a5d7-e29a837bf076,Active Navigation Help,0.6105,2026-08-30T11:37:25.780336+00:00
2b7a5408-d6cd-492a-a896-ef73c9780ab5,Resolve Problem or Incident,0.3565,2026-08-30T00:18:47.345733+00:00
2c7fe844-8cdb-4bfa-a7d1-e42df5ed1638,Request Information,0.6951,2026-08-30T07:51:47.049209+00:00
2c9c7738-2fad-4d52-a6f7-4145c87ab9c3,Request Information,0.7156,2026-08-30T06:57:20.066889+00:00
3151ae09-babf-4390-96d8-23dee8f71d61,Operate System,0.974,2026-08-30T11:54:10.691680+00:00
3c5199ec-97da-44d6-b197-ddb822420d34,Perform Transaction / Change,0.4658,2026-08-30T12:36:34.621551+00:00
4a916ae0-5164-4721-9e2a-bb454f60e83e,Request Information,0.8602,2026-08-30T11:04:23.113760+00:00
4a916ae0-5164-4721-9e2a-bb454f60e83e,Active Navigation Help,0.8207,2026-08-30T11:27:35.670875+00:00
4ceeb9ef-dafd-40d5-b801-2d1fdf2f342f,Request Information,0.6324,2026-08-30T00:13:25.466176+00:00
5270dd13-a20f-40d1-8698-12200f7401cd,Request Information,0.4425,2026-08-30T12:53:43.827981+00:00
5a11222d-3512-4cf3-ac04-34962cd1c6c7,Request Information,0.7185,2026-08-30T07:20:09.311852+00:00
5a11222d-3512-4cf3-ac04-34962cd1c6c7,Resolve Problem or Incident,0.6093,2026-08-30T07:21:00.470565+00:00
5a11222d-3512-4cf3-ac04-34962cd1c6c7,Operate System,0.4542,2026-08-30T07:25:22.413579+00:00
5b59c348-5104-4426-b094-a1ec3a358e77,Request Information,0.742,2026-08-30T07:04:03.267456+00:00
612c5c31-c3f4-4b08-8345-141dfe79c4ce,Request Information,0.5005,2026-08-30T08:11:05.260063+00:00
612c5c31-c3f4-4b08-8345-141dfe79c4ce,Perform Transaction / Change,0.494,2026-08-30T08:27:03.145582+00:00
612c5c31-c3f4-4b08-8345-141dfe79c4ce,Active Navigation Help,0.2755,2026-08-30T08:28:54.895433+00:00
612c5c31-c3f4-4b08-8345-141dfe79c4ce,Report Emergency,0.2832,2026-08-30T08:30:11.304546+00:00
724c3ab3-b430-4b15-a866-f1101b897d14,Request Information,0.8301,2026-08-30T06:29:41.677127+00:00
7451fd46-ff76-4fec-9ec2-076d524a37d7,Resolve Problem or Incident,0.5144,2026-08-30T18:01:07.233693+00:00
7451fd46-ff76-4fec-9ec2-076d524a37d7,Request Information,0.8558,2026-08-30T18:29:20.744918+00:00
7466a6c5-9600-4e8d-b1da-a668f622c694,Request Information,0.5492,2026-08-30T08:22:44.663142+00:00
746b7d39-5c44-40a6-824e-d95faf4328ea,Request Information,0.7078,2026-08-30T07:15:45.547917+00:00
74ab239a-92a2-46cf-98b5-898ad2c24b38,Request Information,0.9064,2026-08-31T09:17:44.832610+00:00
77658bc7-a721-4106-8750-c293cfc9019a,Request Information,0.9539,2026-08-30T04:16:14.563621+00:00
7b9ef30d-c36a-4b2e-ab4e-fd5263ec8fb2,Request Information,0.7205,2026-08-30T01:09:38.525952+00:00
7b9ef30d-c36a-4b2e-ab4e-fd5263ec8fb2,Operate System,0.2894,2026-08-30T01:09:57.728932+00:00
8124951f-c944-4f22-a02c-d7b55b124694,Request Information,0.9371,2026-08-30T07:27:38.240722+00:00
86a85eaa-6fdb-44d8-93db-781000e103b0,Request Information,0.4176,2026-08-30T10:34:00.702699+00:00
8acea325-0a61-4973-bead-aaa09a2d3bdb,Request Information,0.9035,2026-08-30T02:16:48.240090+00:00
8aceb9ed-07e4-46b2-afbf-63bc22bcc8de,Request Information,0.697,2026-08-30T07:30:41.978404+00:00
8b42a238-3b6a-4db7-a5a7-f852ecd43246,Request Information,0.8138,2026-08-30T02:15:31.363081+00:00
8f2cfe26-684c-4824-94f6-37f82caa2f41,Request Information,0.6407,2026-08-30T01:47:26.513667+00:00
8f2cfe26-684c-4824-94f6-37f82caa2f41,Resolve Problem or Incident,0.9053,2026-08-30T01:48:48.358212+00:00
919d69a2-0d1c-4686-9117-63d23501b05e,Request Information,0.408,2026-08-30T04:43:03.143413+00:00
91d38046-fbf1-4d01-b93c-966df0b33d7a,Request Information,0.9039,2026-08-30T05:21:55.639121+00:00
95b73211-8afb-4faa-b00d-ab2333f187d0,Request Information,0.6434,2026-08-30T07:16:50.829238+00:00
a6acf5ec-bb64-458c-a4a8-ee7c66376122,Resolve Problem or Incident,0.36,2026-08-31T07:50:33.851013+00:00
a92299ba-18b3-45fe-8284-0dbed04d2bc5,Request Information,0.9609,2026-08-30T06:04:20.470958+00:00
a974b82a-6bf4-4ff9-b150-909dcdac8863,Request Information,0.8515,2026-08-30T09:37:39.297768+00:00
a974b82a-6bf4-4ff9-b150-909dcdac8863,Report Emergency,0.2653,2026-08-30T11:08:30.747862+00:00
add7ad79-6771-475a-a628-e06875fe7ddb,Request Information,0.9236,2026-08-30T01:43:36.354943+00:00
add7ad79-6771-475a-a628-e06875fe7ddb,Active Navigation Help,0.4816,2026-08-30T01:51:57.263256+00:00
b9e1f22c-8304-4faf-9fab-2531213a42d3,Report Emergency,0.2568,2026-08-30T03:26:31.620730+00:00
bad92a26-5459-4257-9f50-146922258226,Request Information,0.956,2026-08-30T03:22:58.424283+00:00
bb72cd0b-5ce6-4344-b977-5c3484776543,Request Information,0.9118,2026-08-30T16:58:03.202690+00:00
c03bd6cd-fece-4a64-8485-f1e07ad8da6c,Request Information,0.8804,2026-08-30T06:31:20.926368+00:00
c03bd6cd-fece-4a64-8485-f1e07ad8da6c,Active Navigation Help,0.8685,2026-08-31T08:28:04.582065+00:00
c21900ef-ec65-4aeb-a2f0-fea68d05cc03,Request Information,0.9458,2026-08-30T07:46:53.141283+00:00
c349ed13-2dbf-47f7-b276-2f78e5c181fb,Operate System,0.2847,2026-08-30T06:53:51.879020+00:00
cc1e82f2-5fbd-4807-9db0-ca1991a91892,Perform Transaction / Change,0.4822,2026-08-30T03:44:27.822933+00:00
cc1e82f2-5fbd-4807-9db0-ca1991a91892,Active Navigation Help,0.6843,2026-08-30T03:47:06.987152+00:00
cc1e82f2-5fbd-4807-9db0-ca1991a91892,Request Information,0.5085,2026-08-30T03:57:52.259693+00:00
d31327b8-7e61-4a66-b5fc-e0e14c4459b2,Request Information,0.9338,2026-08-30T08:28:15.834458+00:00
d4a03a5c-6bb4-4463-bd44-a0b98e3f5917,Request Information,0.73,2026-08-31T05:44:58.331888+00:00
d737a68f-037f-43e6-a08b-e70cc73e439f,Request Information,0.645,2026-08-30T08:31:59.695746+00:00
d737a68f-037f-43e6-a08b-e70cc73e439f,Operate System,0.2753,2026-08-30T10:32:26.309315+00:00
d737a68f-037f-43e6-a08b-e70cc73e439f,Resolve Problem or Incident,0.4823,2026-08-30T11:05:10.586848+00:00
da03690a-e0c2-4b7f-9818-f5a77e67ef75,Request Information,0.7038,2026-08-30T07:32:11.068948+00:00
dae835f6-49f4-4624-9985-4238505f6d1f,Request Information,0.8919,2026-08-30T01:31:54.861417+00:00
e69e4a97-f37d-4abd-9e7b-777d958f4833,Request Information,0.6878,2026-08-30T12:49:25.623247+00:00
ecae5c32-a624-4614-b7b7-06fdea193ba6,Request Information,0.5795,2026-08-30T08:29:24.398190+00:00
ecae5c32-a624-4614-b7b7-06fdea193ba6,Perform Transaction / Change,0.5242,2026-08-30T08:32:50.486156+00:00
ed0148ca-75d0-4456-a201-f2331528ecb5,Request Information,0.8868,2026-08-30T14:50:13.175247+00:00
ed4c7633-1163-46f1-8bb0-0e372819a6b2,Request Information,0.8333,2026-08-30T05:43:20.835072+00:00
f19753cb-cc7e-40a7-a766-fd8f5ad0ff5c,Operate System,0.6799,2026-08-30T10:00:50.885446+00:00
f71d2e2b-7b2f-4834-b4ac-c79aaf5c16ed,Resolve Problem or Incident,0.2677,2026-08-30T07:14:15.903519+00:00
fb0a6b9b-abb5-4899-908d-6f7d41b2bf86,Active Navigation Help,0.5504,2026-08-30T00:01:54.223184+00:00
fb0a6b9b-abb5-4899-908d-6f7d41b2bf86,Request Information,0.4849,2026-08-30T00:02:44.347333+00:00
fb418a67-4a0a-4be2-b590-4f523c1de981,Operate System,0.2994,2026-08-30T07:48:09.443717+00:00
fb418a67-4a0a-4be2-b590-4f523c1de981,Request Information,0.7636,2026-08-30T07:49:25.352976+00:00
fb57ebd4-d916-4045-965c-8248dd7ce09e,Request Information,0.795,2026-08-30T11:09:44.193768+00:00
